[
  {
    "title": "Sentimental Analysis on Mobile phone Review using Machine Learning",
    "imageSrc": "projects/project.png",
    "description": "Using Machine learning techniques and tools to analyse mobile phone reviews and classify them as positive, negative, or neutral. The project involves collecting and preprocessing the reviews, applying different machine learning algorithms and visualization",
    "skills": ["Python", "tensorflow"],
    "demo": "https://www.example.com",
    "source": "https://www.github.com"
  },
  {
    "title": "Predictive Analytics :Customer Churn",
    "imageSrc": "projects/project.png",
    "description": "The project aims to use machine learning techniques and tools to analyse customer data and predict which customers are likely to stop using the services of a business",
    "skills": ["Python", "tensorflow", "Neural Networks"],
    "demo": "https://www.example.com",
    "source": "https://www.github.com"
  },
  {
    "title": "Website for Sai Krupa Hospital",
    "imageSrc": "projects/project.png",
    "description": "A home page that introduces the hospital, its vision, mission, values, and achievements.A location page that shows the hospital’s location on a map, along with directions, distance, and travel time. ",
    "skills": ["HTML", "CSS", "JavaScript"],
    "demo": "https://www.example.com",
    "source": "https://www.github.com"
  }
]
