[
  {
    "title": "HTML",
    "imageSrc": "skills/html.png"
  },
  {
    "title": "CSS",
    "imageSrc": "skills/css.png"
  },
  {
    "title": "React",
    "imageSrc": "skills/react.png"
  },
  {
    "title": "Node",
    "imageSrc": "skills/node.png"
  },
  {
    "title": "MongoDB",
    "imageSrc": "skills/mongodb.png"
  },
  {
    "title": "Python",
    "imageSrc": "skills/python.png"
  },
  {
    "title": "MySql",
    "imageSrc": "skills/mySql.png"
  },
  {
    "title": "Hadoop",
    "imageSrc": "skills/hadoop.png"
  }
]
